question,expected_answer,model_output,note
房屋漏水物业不管怎么办？,可向住建部门或街道办事处投诉，也可以联合其他业主更换物业公司或通过诉讼方式解决。,根据您提供的法条内容及问题，结合法律实务建议如下： ### 法律分析及建议： 1. **相邻权与损害赔偿** 根据《民法典》第296条，若房屋漏水系因相邻不动产（如楼上住户用水、排水不当）导致，受损方有权要求相邻权利人停止侵害、排除妨碍或赔偿损失。此时需区分漏水原因： - 若漏水因相邻业主使用不当（如水管爆裂），应由相邻业主承担责任； - 若漏水因房屋结构或公共设施老化（如楼顶防水层损坏），需进一步分析责任主体。 2. **物业责任的法律依据** 虽然您提供的法条未直接涉及物业管理，但根据《民法典》第942条及《物业管理条例》，物业对共有部分（如楼顶、外墙）负有维修养护义务。若漏水系因物业未履行维修职责（如未及时修复公共防水设施），业主可要求物业承担相应责任。 3. **具体解决路径** - **协商解决**：首先与物业书面沟通（建议留存记录），要求履行维修义务； - **业主自治**：向业主委员会反映，由业委会督促物业整改或启动维修基金； - **行政投诉**：向当地住建部门投诉物业不作为（依据《物业管理条例》第53条）； - **法律诉讼**：若协商无果，可起诉要求物业承担侵权责任或赔偿损失。 4. **法条适用性说明** 您提供的《长江保护法》第61条、65条主要规范水土保持及河道管理，与房屋漏水问题无直接关联。建议补充参考《民法典》第942条（物业责任）、第296条（相邻权）及《物业管理条例》第35条（维修义务）。 ### 风险提示： - 若漏水系因房屋质量问题（如开发商施工缺陷），需区分保修期主张权利； - 证据留存至关重要，建议拍照、录像固定漏水现状及与物业沟通记录。 综上，建议优先通过协商或行政途径解决，必要时通过法律途径主张权利。若需进一步分析漏水原因或责任划分，建议委托专业律师实地调查。,一致性: 否 差异说明: 标准答案较为简洁，直接给出了处理方法；而模型输出则提供了详细的法律分析及多种解决路径，包括相邻权与损害赔偿、物业责任的法律依据以及具体解决步骤。虽然模型输出的内容更加全面和详细，但其并未完全覆盖标准答案中提到的具体投诉部门（住建部门或街道办事处）和更换物业公司的方式。
借条过期还能要回钱吗？,借条诉讼时效为三年，超过时效后借款人可提出抗辩，但仍可通过协商或起诉主张权利，但胜诉风险较高。,根据您提供的法条内容，关于借条过期能否要回钱的问题，结合法律分析如下： ### 一、法条分析 1. **第四十二条**（担保贷款与信用贷款责任） - 若借款人到期未归还贷款，商业银行可要求保证人还款或处分担保物。但该条款未直接涉及借条时效问题，仅规定商业银行处分担保物的期限（取得后2年内）。 2. **第五百一十条**（利息支付规则） - 该条款规定利息支付的时间节点，与借条时效无直接关联。 3. **第五百一十条**（借款返还规则） - 若合同未约定还款时间，借款人可随时返还，贷款人可催告返还。但未涉及诉讼时效问题。 ### 二、法律建议 1. **诉讼时效问题** 根据《民法典》第188条（未在您提供的法条中），债权请求权的普通诉讼时效为**3年**，自权利人知道或应当知道权利受到损害之日起计算。 - 若借条约定的还款期限已过，但未超过3年诉讼时效，债权人仍可通过诉讼主张权利。 - 若超过3年，除非存在时效中断（如债权人催收、债务人同意履行等）或中止事由，否则可能丧失胜诉权。 2. **借条效力** 借条本身作为债权凭证，其效力不受“过期”影响，但债权实现依赖于诉讼时效。若未超过时效，债权人可依据借条主张还款；若超过时效，需结合具体情况判断是否可通过其他方式（如债务人自愿履行）实现债权。 ### 三、结论 - **若未超过3年诉讼时效**：借条仍有效，可通过诉讼或协商要求还款。 - **若已超过3年诉讼时效**：需证明时效中断或中止，否则可能无法通过诉讼强制执行。 **建议**：尽快通过诉讼或协商方式主张权利，并注意收集催收证据（如短信、邮件、录音等），以证明时效中断。若需进一步分析，建议提供借条具体内容及还款时间等细节。,一致性: 否 差异说明: 模型输出详细分析了多个法条，但这些法条与借条诉讼时效无关。标准答案直接指出借条的诉讼时效为三年，并解释超过时效后的法律后果和可能采取的措施。模型输出虽然提到了正确的诉讼时效期限，但是引入了不必要的、不相关的法条内容，且没有简洁明了地回答问题。
微信聊天记录能作为证据使用吗？,可以作为电子证据提交法院，但需结合其他证据综合判断其真实性与证明力。,根据中国法律，微信聊天记录可以作为证据使用，但需满足特定条件。以下是法律依据及使用建议： ### 法律依据： 1. **《中华人民共和国民事诉讼法》第六十三条**：电子数据属于法定证据类型之一，微信聊天记录作为电子数据的一种，可被采纳为证据。 2. **《最高人民法院关于民事诉讼证据的若干规定》第十四条**：明确将微信、QQ等即时通讯工具的聊天记录纳入电子数据证据范围。 3. **《关于办理刑事案件适用法律若干问题的解释》**：刑事案件中，经法定程序收集的微信聊天记录亦可作为证据。 ### 使用条件及注意事项： 1. **真实性**：需证明聊天记录未被篡改。可通过公证、第三方平台导出（如微信“证据保全”功能）或结合其他证据（如通话记录、转账凭证）佐证。 2. **完整性**：需提供完整对话记录，避免选择性截取。法院可能要求提交原始载体（如手机）或由公证机构出具公证书。 3. **关联性**：聊天内容需与案件事实直接相关，例如合同履行、侵权行为等。 4. **合法性**：不得通过非法手段获取（如侵入他人账户），否则可能被排除。 ### 相关法条补充： - **法条第八十二条**虽未直接涉及证据规则，但提示电子数据需符合法定程序（如传唤调查时的证据收集）。 - **法条第一千一百九十六条**涉及网络侵权声明，间接说明电子数据在侵权案件中的重要性。 ### 结论： 微信聊天记录可作为证据使用，但需确保其真实性、完整性和合法性。建议通过公证或第三方平台导出固定证据，并结合其他证据形成证据链。若涉及复杂案件，建议咨询专业律师。,一致性: 是  差异说明: 无差异
邻居噪音扰民怎么办？,可向居委会、物业或公安部门反映，要求制止噪音行为；情节严重的，可依法提起民事诉讼。,"根据《噪声污染防治法》相关规定，针对邻居噪音扰民问题，建议采取以下法律途径： **一、自行协商与基层调解（法条依据：第七十条、第六十五条）** 1. **直接沟通**：首先与邻居协商，要求其控制音量或采取隔音措施（如安装隔音设备、调整活动时间），依据第六十五条""家庭成员应互谅互让解决噪声纠纷""。 2. **物业/业委会介入**：若自行协商无果，可联系小区物业或业主委员会进行劝阻调解，依据第七十条规定，基层自治组织有劝阻调解的法定义务。 **二、行政投诉途径（法条依据：第七十条、第八条）** 1. **向生态环境部门投诉**：根据第八条，生态环境部门对噪声污染负有统一监管职责，可拨打12369环保举报热线。 2. **向公安机关报案**：若噪音属于社会生活噪声扰民（如夜间施工、高音喇叭等），可依据第七十条向公安机关投诉，公安机关需依法处理。 3. **向住建部门反映**：若噪音涉及建筑施工，可向住建部门投诉（第八条明确住建部门对建筑施工噪声的监管职责）。 **三、法律救济途径** 若上述措施无效，可依据《民法典》第294条（相邻权纠纷）向法院提起民事诉讼，要求停止侵害、赔偿损失。 **特别提示**： 1. 需留存噪音证据（如录音、录像、证人证言等），证明噪音污染事实。 2. 若噪音属于法定""超标""（分贝超过国家规定标准），可要求专业机构进行检测。 3. 法条未明确具体处罚标准，实际处理需结合地方性法规及执法裁量基准。 建议优先通过协商和行政投诉解决，避免矛盾激化。若需进一步法律帮助，建议咨询专业律师或生态环境部门获取个性化指导。",一致性: 是  差异说明: 无差异
员工主动辞职有经济补偿吗？,一般情况下主动辞职无经济补偿，但若用人单位存在过错（如拖欠工资、未缴社保），可主张经济补偿。,根据您提供的法条内容，关于员工主动辞职是否享有经济补偿的问题，可以结合以下分析： 1. **非全日制用工情形**（法条第七十一条）： 若员工属于非全日制用工关系，根据该法条规定，双方均可随时通知终止用工，且用人单位无需支付经济补偿。因此，在非全日制用工模式下，员工主动辞职无权要求经济补偿。 2. **普通劳动关系情形**： 您提供的法条中未直接涉及普通劳动关系下员工主动辞职的经济补偿问题。根据《劳动合同法》第三十七条，员工提前通知解除劳动合同（即主动辞职）时，用人单位原则上无需支付经济补偿。但若存在以下特殊情形，可能例外： - 用人单位存在过错（如未缴纳社保、拖欠工资等），导致员工被迫辞职（需符合“被迫辞职”的法定条件）； - 双方另有书面约定（如协商一致解除劳动合同时约定补偿）。 由于您提供的法条未涵盖上述内容，建议结合《劳动合同法》第三十六条至第三十九条进一步分析。 3. **公务员辞退情形**（法条第九十条）： 若员工为公务员，根据该法条规定，被辞退的公务员可领取辞退费或享受失业保险，但主动辞职的公务员是否享有经济补偿未明确提及，需结合具体政策判断。 **结论**： - **非全日制用工**：员工主动辞职无经济补偿（法条第七十一条）。 - **普通劳动关系**：员工主动辞职一般无经济补偿，但需结合《劳动合同法》其他条款及具体情况判断（现有法条未完全覆盖）。 - **公务员**：主动辞职的经济补偿问题需另行依据公务员管理规定确定（法条未明确）。 建议根据员工的具体用工性质（全日制/非全日制、公务员/普通员工）进一步核实，并参考《劳动合同法》或咨询专业律师以获得精准法律意见。,一致性: 是  差异说明: 无差异
公司虚假宣传怎么办？,可向市场监管部门举报，也可依据《消费者权益保护法》要求赔偿。,根据您提供的法条内容，针对公司虚假宣传问题，法律建议如下： ### 一、法律认定依据 1. **虚假宣传的认定标准**（《广告法》第二十八条）： - 宣传内容与商品/服务实际情况不符，且对购买行为有实质性影响； - 使用虚构科研成果、统计资料等无法验证的信息； - 虚构使用效果或夸大宣传。 2. **证券领域特殊规定**（《证券法》第二十九条）： - 证券公司承销证券时，若存在虚假记载、误导性陈述或重大遗漏，需立即停止销售并采取纠正措施； - 禁止虚假或误导性宣传，否则需承担赔偿责任。 3. **反不正当竞争法规定**（《反不正当竞争法》第八条）： - 通过虚假宣传或组织虚假交易帮助他人宣传的行为，构成违法。 --- ### 二、应对措施建议 1. **立即停止违法行为**： - 若确认宣传内容存在虚假或误导性信息，应立即停止相关广告发布及宣传行为（《广告法》第二十八条、《证券法》第二十九条）。 2. **采取纠正措施**： - 公开澄清事实，消除影响（如通过媒体、官网发布声明）； - 若涉及证券承销，需按《证券法》要求停止销售并纠正。 3. **评估法律责任**： - **行政处罚风险**：可能面临20万-200万元罚款，情节严重可吊销营业执照（《反不正当竞争法》第八条）； - **民事赔偿责任**：若造成投资者或消费者损失，需依法赔偿（《证券法》第二十九条）。 4. **证据固定与法律咨询**： - 保留宣传材料、合同、交易记录等证据； - 建议聘请律师评估具体行为是否符合法条列举情形，并制定应对方案。 --- ### 三、法律依据补充说明 - 若涉及消费者权益保护（如虚假宣传导致消费者损失），可进一步援引《消费者权益保护法》第五十五条（未在提供的法条中，但属相关法律）； - 若涉及刑事责任（如情节特别严重），可能触犯《刑法》第二百二十二条（虚假广告罪），需结合具体案情判断。 --- ### 四、结论 建议立即停止虚假宣传行为，评估法律风险，并通过法律途径妥善处理已造成的损害后果。若需进一步维权或应对调查，建议委托专业律师介入。,一致性: 否 差异说明: 标准答案简单明了，建议向市场监管部门举报或依据《消费者权益保护法》要求赔偿。而模型输出则详细列举了虚假宣传的认定标准、应对措施及法律责任等多方面内容，并提供了更广泛的法律条文支持和专业建议，超出了问题所求范围。
车辆被剐蹭找不到肇事者怎么办？,可报警备案，查看周边监控寻找线索；如有车损险，也可走保险理赔程序。,"根据您描述的情况（车辆被剐蹭且无法找到肇事者），结合相关法条及交通事故处理规则，建议如下： ### 一、法律分析及应对措施 1. **立即报警并固定证据** 根据《道路交通安全法》第七十一条，交通事故发生后，您应立即报警（拨打122），并向交警部门提供现场照片、行车记录仪录像（如有）等证据。即使无法找到肇事者，交警仍需出具《交通事故证明》，明确事故性质及责任归属。 2. **联系保险公司处理损失** - 若肇事车辆投保交强险，根据《民法典》第一千二百一十五条，保险公司可在交强险责任限额内垫付抢救费用（如人员受伤），但财产损失（车辆剐蹭）需通过民事诉讼追偿。 - 若肇事者未投保或无法查明，您可依据保险合同向自身投保的保险公司申请""车损险""理赔（需确认保单是否包含该险种）。 3. **肇事者逃逸的法律后果** - 若肇事者存在逃逸行为，根据《道路交通安全法》第七十一条，目击者可举报并获得奖励，但您作为受害者无法直接追责。交警需通过技术手段（如监控、车辆特征）调查，若最终无法查获肇事者，您可能需自行承担损失。 4. **特殊情形下的责任承担** - 若肇事车辆系盗窃、抢劫或抢夺所得（如法条第一千二百一十五条），即使无法找到直接肇事者，车辆所有人仍需承担连带责任。但需证明车辆系非法取得，实践中举证难度较大。 ### 二、操作建议 1. **保留所有证据**：包括现场照片、目击者联系方式、车辆受损部位细节等。 2. **申请交警证明**：要求交警出具《交通事故证明》，明确事故责任及无法查明肇事者的原因。 3. **保险索赔**：向自身保险公司申请理赔，并保留向肇事者追偿的权利（需保留诉讼时效）。 4. **民事诉讼准备**：若未来发现肇事者，可凭交警证明及证据提起诉讼，要求其承担维修费用。 ### 三、法律限制 根据现有法条，若无法查明肇事者身份且无证据指向特定责任方，您可能需自行承担损失。建议通过保险理赔或寻求公安机关技术支持（如调取周边监控）进一步调查。",一致性: 是  差异说明: 无差异
房东提前收房怎么办？,房东单方面违约，承租人可要求继续履行合同或赔偿损失，必要时可向法院起诉维权。,根据您提供的法条内容及问题情境，关于“房东提前收房”的法律应对建议如下： ### 法律分析及建议： 1. **合同效力优先原则** 根据《民法典》第七百零八条（虽未在您提供的法条中，但属租赁合同核心条款），租赁合同成立后，房东（出租人）需按约定履行交付义务并保障租赁期限内房屋的正常使用。若房东未与承租人协商一致或无法定/约定解除事由，提前收房构成违约。 2. **应对措施** - **核查合同条款**：首先确认租赁合同中是否有关于提前解约的条款（如提前通知期、违约金标准等）。若合同明确约定房东不得提前收房，或需支付违约金，则可据此主张权利。 - **主张继续履行或赔偿**： - 若房东无正当理由提前收房，承租人可要求其继续履行合同（即返还房屋并赔偿损失）。 - 若房屋已被收回且无法返还，可要求房东赔偿剩余租期内的租金差价、搬家费、装修损失等实际损失。 - **协商解决**：尝试与房东协商，要求其支付违约金或补偿后解除合同。 - **法律途径**：若协商无果，可向法院起诉，要求房东承担违约责任（需保留合同、支付凭证、沟通记录等证据）。 3. **特别情形** - 若房东因房屋出售或抵押需提前收房，需符合《民法典》第七百二十六条规定的“合理期限通知”义务，且承租人享有优先购买权。但此情形下房东仍需保障承租人权益，不得直接强行收房。 - 若房东以房屋维修为由收房，需符合《民法典》第七百一十三条的“合理维修”标准，且不得影响承租人正常使用，否则承租人可要求减少租金或赔偿。 ### 法条依据补充说明： 您提供的法条虽未直接涉及“提前收房”问题，但核心法律逻辑可延伸适用： - **《民法典》第七百零八条**（租赁合同履行义务）：出租人需按约定交付房屋并保障租赁期限。 - **《民法典》第五百七十七条**（违约责任）：当事人一方不履行合同义务的，应承担继续履行、赔偿损失等责任。 ### 结论： 房东提前收房原则上构成违约，承租人可通过协商或诉讼主张权利。建议尽快固定证据（如合同、沟通记录、房屋现状照片等），必要时咨询专业律师。若房东暴力收房，可报警处理。,一致性: 是  差异说明: 无差异
被电信诈骗如何追回损失？,应第一时间报警并联系银行冻结账户，配合警方调查资金流向，争取追回被骗资金。,"根据您提供的法条内容及问题，结合法律实务经验，针对电信诈骗损失追回问题，法律建议如下： ### 一、法律依据分析 1. **电信诈骗的定性依据** 根据《刑法》第二条，电信网络诈骗属于""以非法占有为目的，利用电信网络技术手段，通过远程、非接触方式诈骗财物""的行为，明确纳入刑事犯罪范畴。 2. **追赃挽损的程序依据** 虽然您提供的法条中未直接规定追赃程序，但根据《刑法》第六十四条及《刑事诉讼法》相关规定，犯罪分子违法所得应予追缴或责令退赔。公安机关在侦查阶段有义务追查赃款去向。 ### 二、具体追损措施建议 1. **立即报警并固定证据** - 立即拨打110或前往派出所报案，提供以下关键证据： - 转账记录（含时间、金额、对方账户信息） - 诈骗通讯记录（短信、电话录音、聊天记录） - 诈骗页面截图（含网址、页面内容） - 根据《刑事诉讼法》第一百零八条，公安机关应出具《受案回执》。 2. **申请紧急止付** - 若涉案账户为银行账户，可联系开户行或通过110申请启动""涉案账户资金紧急止付""程序（依据《电信网络新型违法犯罪案件冻结资金返还若干规定》）。 3. **民事救济途径** - 若刑事追赃不足，可依据《民法典》第一百五十七条（民事法律行为无效）向法院提起民事诉讼，要求诈骗方返还财产。需注意诉讼时效为三年。 4. **保险索赔（如有投保）** - 若投保过账户安全险、人身安全险等，可依据《保险法》第二百五十二条（索赔权转移条款）向保险公司申请理赔，需提供报案回执及损失证明。 ### 三、特别提示 1. **注意证据保存** 电子证据需通过公证处公证或使用""微信存证""等工具固定，避免自行删除导致证据灭失。 2. **防范二次诈骗** 注意防范""公检法""类二次诈骗，正规办案机关不会要求转账汇款。 3. **关注司法动态** 可通过""中国裁判文书网""查询类似案件判决，了解追赃比例及法院裁判思路。 ### 四、法条局限性说明 需补充说明：您提供的法条未包含《刑法》第二百六十六条（诈骗罪）及《最高人民法院关于办理电信网络诈骗等刑事案件适用法律若干问题的意见》，建议补充参考以下规定： - 诈骗金额达3000元即构成刑事立案标准（《关于办理诈骗刑事案件具体应用法律若干问题的解释》第一条） - 跨区域作案由最初受理的公安机关立案（《公安机关办理刑事案件程序规定》第十五条） 建议尽快委托专业刑事律师介入，协助完善证据链并推动案件侦办。若需进一步法律文书模板或程序指导，可提供案件具体细节后协助制定方案。",一致性: 否 差异说明: 标准答案仅提供了最直接的应对措施，即报警和联系银行冻结账户。而模型输出则详细分析了电信诈骗的法律依据，并提出了包括立即报警、固定证据、申请紧急止付、民事救济途径以及保险索赔在内的多项具体追损措施，且给出了详细的执行步骤及注意事项。
商品房质量问题如何维权？,可向开发商提出维修、退换要求，也可向住建部门投诉或通过诉讼方式索赔。,根据您提供的法条内容，结合商品房质量问题维权的法律依据，建议如下： ### 一、法律依据分析 1. **《民法典》第六百一十七条** 买受人（购房者）可主张权利的情形包括： - 要求出卖人（开发商）承担修理、重作、更换、退货、减少价款或赔偿损失等责任； - 若质量问题导致合同目的无法实现，可主张解除合同并赔偿损失。 2. **《消费者权益保护法》第二十三条** - 商品房作为耐用商品，消费者自交付之日起6个月内发现质量问题，由经营者（开发商）承担举证责任； - 开发商通过广告、宣传材料承诺的质量标准，若实际不符，需承担违约责任。 3. **《乡镇企业法》第三十三条**（虽针对乡镇企业，但可类比适用） 开发商不得销售存在安全隐患或不符合国家标准的商品房。 --- ### 二、维权步骤建议 1. **确认质量问题性质** - 若质量问题影响居住安全（如结构安全、严重漏水等），可依据《民法典》第六百一十七条主张重大瑕疵责任； - 若为一般瑕疵（如墙面开裂、门窗变形），可依据《消费者权益保护法》第二十三条主张修复或赔偿。 2. **固定证据** - 立即拍照、录像记录问题现状； - 要求开发商出具书面确认函或签署《质量问题整改通知书》； - 委托第三方检测机构出具质量鉴定报告（必要时）。 3. **协商解决** - 书面通知开发商限期整改（一般为7-15日）； - 若开发商拒绝或拖延，可依据合同约定主张违约金或赔偿。 4. **行政投诉** - 向当地住建部门投诉（依据《商品房销售管理办法》），要求介入调查； - 若涉及虚假宣传，可向市场监管部门举报。 5. **司法途径** - 起诉开发商，主张修复、赔偿或解除合同； - 若质量问题导致人身财产损害，可主张侵权赔偿。 --- ### 三、注意事项 1. **时效限制** - 商品房质量问题争议需在交付后6个月内提出（《消费者权益保护法》第二十三条）； - 诉讼时效一般为3年，自知道或应当知道权利受侵害之日起计算。 2. **合同条款优先** - 若购房合同中对质量标准、违约责任有特别约定，优先适用合同条款。 3. **法条局限性说明** - 您提供的法条未涵盖《建筑法》《建设工程质量管理条例》等更直接规范商品房质量的法规，建议补充参考： - 若质量问题涉及施工缺陷，可主张施工单位连带责任（《建筑法》第六十条）； - 若开发商隐瞒重大瑕疵，可主张撤销合同（《民法典》第一百四十八条）。 --- ### 结论 商品房质量问题维权需结合合同约定、质量问题性质及证据链完整性综合处理。建议优先协商解决，协商不成时通过行政投诉或诉讼途径主张权利。若需进一步法律支持，建议咨询专业律师。,一致性: 是 差异说明: 无差异
老人赡养问题如何解决？,子女有法定赡养义务，若拒绝赡养，老人可向村委会、居委会调解，也可依法提起诉讼。,"根据您提供的法条内容，关于老人赡养问题的解决可参考以下法律建议： ### 一、赡养义务的核心内容（依据第十四条） 1. **经济供养**：赡养人需承担老年人基本生活费用（如衣食住行），经济困难时需提供医疗费用（第十五条）。 2. **生活照料**： - 对生活不能自理的老年人，赡养人需亲自照料或按其意愿委托他人/养老机构照料（第十五条）。 - 赡养人配偶有协助义务。 3. **精神慰藉**（第十八条）： - 家庭成员不得忽视老年人精神需求。 - 分开居住的子女需定期探望或问候，用人单位应保障探亲假权利。 ### 二、解决路径建议 1. **协商解决**： - 由家庭成员共同协商赡养方案，明确经济分担、照料分工及探望频率。 - 可参考《老年人权益保障法》第十四条关于""特殊需要""的条款，针对老人个性化需求调整方案。 2. **调解途径**： - 若协商不成，可向社区/村委会调解委员会申请调解。 - 调解时可引用第十五条关于医疗费用承担及照料责任的规定。 3. **法律救济**： - 老年人可依据《老年人权益保障法》第十四条、第十五条向法院起诉，要求赡养人履行义务。 - 法院可依据第十八条判决子女履行探望义务，并支持医疗费用主张。 ### 三、特殊情形处理 1. **患病老人**：赡养人需确保及时治疗（第十五条），经济困难时需承担医疗费用。 2. **委托照料**：赡养人无法亲自照料时，可按老人意愿委托第三方（需保留书面委托证据）。 3. **用人单位责任**：要求用人单位保障探亲假时可援引第十八条第三款。 ### 四、需进一步法律咨询的情形 1. 赡养费具体计算标准（法条未明确金额） 2. 财产分割争议（需结合继承法/民法典） 3. 赡养协议履行监督（可申请法院强制执行） 建议优先通过家庭协商解决，协商不成时可联系法律援助机构获取针对性帮助。如涉及财产分割或重大权益争议，建议委托专业律师介入。",一致性: 否 差异说明: 模型输出提供了更为详细和全面的法律建议，而标准答案较为简洁直接。模型回答中包括了经济供养、生活照料、精神慰藉的具体内容，并提出了协商解决、调解途径以及法律救济等多方面的解决方案，还涉及特殊情形处理及需进一步咨询的情形。相比之下，标准答案仅概述了解决赡养问题的基本路径和方法。
网上买到违禁品怎么办？,应立即联系平台客服退款退货，必要时向公安机关举报卖家违法行为。,根据您提供的法条内容及问题，关于“网上买到违禁品”的法律建议如下： ### 一、法律依据分析 1. **消费者权益保护** 根据《消费者权益保护法》第八条、第十一条，消费者享有知情权和安全权。若商品为违禁品（如毒品、枪支、非法出版物等），商家销售行为本身已涉嫌违法，消费者可主张以下权利： - **退货退款**：若商家未明确告知商品性质，消费者可主张欺诈并要求退货（需结合具体证据，如交易记录、沟通记录）。 - **赔偿请求**：若因购买违禁品导致财产损失或人身损害，可依据《消费者权益保护法》第五十五条主张赔偿。 2. **平台责任** 根据您提供的法条第一款，平台有义务监测异常交易并收集必要信息（如IP地址、设备信息），但未经授权不得用于其他用途。若平台未履行监测义务导致违禁品交易发生，消费者可向平台主张连带责任。 3. **行政与刑事责任** 违禁品交易可能涉及《刑法》（如非法经营罪、贩卖毒品罪）或《治安管理处罚法》。消费者可向公安机关报案，追究商家刑事责任。 ### 二、具体应对措施 1. **固定证据** - 保存交易记录、聊天记录、物流信息、支付凭证等。 - 若商品已收到，拍照留存并避免使用（尤其是可能危害安全的违禁品）。 2. **协商解决** - 联系商家协商退货退款，要求其承担运费（依据第二十五条，若商品完好且商家同意退货，运费由消费者承担，但若商家存在欺诈，可协商免除）。 3. **投诉举报** - 向电商平台投诉，要求平台介入处理并下架商品。 - 向市场监管部门（12315）举报商家销售违禁品行为。 - 若涉及刑事案件，向公安机关报案。 4. **法律途径** - 若协商无果，可向法院起诉，主张合同撤销权及赔偿（需证明商家存在欺诈或隐瞒）。 ### 三、法条局限性说明 您提供的法条未直接针对“违禁品交易”作出规定，但根据《消费者权益保护法》及《刑法》相关规定，消费者仍可通过上述途径维权。若需进一步明确责任划分，建议咨询专业律师或向监管部门提交书面投诉。 **总结**：购买到违禁品时，消费者应优先固定证据、向平台及监管部门投诉，并视情况追究商家法律责任。若涉及刑事犯罪，应及时报警。,一致性: 否 差异说明: 模型输出提供了详细的法律分析和具体应对措施，而标准答案较为简洁，仅建议立即联系平台客服退款退货，并在必要时向公安机关举报卖家违法行为。模型输出包含了更多细节信息和步骤指导，但并未完全覆盖或简化到与标准答案一致的程度。
交通事故伤残鉴定怎么做？,应在治疗终结后，携带病历、影像资料等前往司法鉴定机构申请伤残等级鉴定。,根据您提供的法条内容，关于交通事故伤残鉴定的程序可总结如下： **法律依据及操作流程：** 1. **委托主体** 根据《法条第七十二条》，公安机关交通管理部门在处理交通事故时，若需对当事人的生理、精神状况等专业性较强的检验，**应当委托专门机构进行鉴定**。因此，伤残鉴定的启动主体为公安机关交通管理部门。 2. **鉴定机构要求** 鉴定机构需具备专业资质，鉴定结论需由**鉴定人签名**，以确保鉴定的权威性和可追溯性。 3. **当事人权利** 法条未明确当事人是否可自行委托鉴定，但实践中若对公安机关委托的鉴定结论有异议，可依据《道路交通事故处理程序规定》申请重新鉴定。建议您在收到鉴定结论后，及时向办案交警提出书面复核申请。 **法条局限性说明：** 需注意，上述法条未详细规定伤残鉴定的具体操作流程（如鉴定标准、时限等），实际操作中可能还需参照《人体损伤致残程度分级》等国家标准及地方性规定。建议您： 1. 要求公安机关出具书面委托鉴定函； 2. 保留治疗记录、影像资料等作为鉴定依据； 3. 若对程序存疑，可向交警部门书面提出异议。 如需进一步明确权利义务，建议咨询专业律师或直接联系办案交警获取书面指引。,一致性: 否 差异说明: 标准答案强调的是伤者在治疗终结后自行前往司法鉴定机构申请伤残等级鉴定，而模型输出则侧重于公安机关交通管理部门委托专门机构进行鉴定的程序，并未直接回答个人如何主动申请鉴定。
公司强迫加班怎么办？,可向劳动监察部门投诉，也可申请劳动仲裁，要求支付加班工资或追究违法用工责任。,根据《劳动合同法》第三十一条和第四十一条的规定，用人单位不得强迫或变相强迫劳动者加班，且延长工作时间需与工会及劳动者协商，并严格遵守每日及每月的加班时长限制。针对公司强迫加班的问题，建议采取以下法律措施： 1. **固定证据**：收集加班通知、考勤记录、工资条等证明公司存在强迫加班行为的证据。 2. **协商解决**：与公司协商要求支付加班费或停止强迫加班。根据第三十一条，用人单位未支付加班费的，劳动者可主张补足。 3. **向劳动行政部门投诉**：若协商无果，可向当地劳动监察部门投诉（如拨打12333），要求调查公司违法行为。劳动行政部门有权责令改正并处罚款。 4. **申请劳动仲裁**：若公司因拒绝加班而扣减工资或解除劳动合同，可依据《劳动合同法》第四十八条申请仲裁，主张违法解除劳动合同赔偿金。 5. **注意风险**：若公司以威胁、变相扣减工资等方式强迫加班，可能构成违法，可进一步主张精神损害赔偿或刑事责任（如涉嫌强迫劳动罪）。 建议在采取行动前咨询专业律师，确保权益最大化。若法条未完全覆盖具体情形（如公司以“自愿加班”名义规避责任），需结合个案证据进一步分析。,一致性: 是  差异说明: 无差异
物业服务质量差如何更换？,可召开业主大会投票表决，选聘新的物业公司，或向住建部门投诉要求整改。,根据《民法典》第九百三十八条、第九百四十二条及第九百四十九条的规定，物业服务质量差时更换物业的法律程序如下： 1. **确认合同条款**：首先查阅物业服务合同，明确合同中关于服务质量标准、解聘条件及服务期限的约定。若合同中已约定服务质量不达标时的解聘条款，可直接依据条款启动解聘程序。 2. **业主共同决定**：若合同未约定解聘条款，需由业主共同决定更换物业。根据《民法典》第九百三十八条，业主可通过业主大会或业主委员会表决解聘原物业服务人。表决需符合法定比例（通常需专有部分面积和人数双过半）。 3. **书面通知原物业**：业主委员会或业主代表需向原物业服务人发出书面解聘通知，明确终止合同的日期及交接要求。根据第九百四十九条，原物业应在约定期限或合理期限内退出并完成交接。 4. **监督交接程序**：原物业需按第九百四十九条规定，移交物业服务用房、设施、资料，并如实告知物业状况。若原物业拒不配合，业主可向住建部门投诉或通过诉讼追究其责任，原物业不得主张终止后的物业费，且需赔偿损失。 5. **选聘新物业**：通过招标或协商方式选聘新物业服务人，签订书面合同（第九百三十八条），明确服务标准、费用及违约责任。 **注意事项**： - 若原物业以未完成合同为由拒绝退出，业主可依据第九百四十九条主张其无权收取终止后费用，并要求赔偿损失。 - 地方性法规可能对解聘程序有细化规定，建议同步参考当地物业管理条例。 - 若物业服务质量问题涉及治安、消防等违法行为，可依据第九百四十二条要求物业报告行政机关处理。 综上，更换物业需严格遵循合同约定及法定程序，确保业主共同决策的合法性，并通过法律手段保障交接顺利进行。,一致性: 是  差异说明: 无差异
公司招聘歧视怎么办？,可向劳动监察部门举报，也可依据《就业促进法》提起诉讼，维护平等就业权利。,根据相关法条规定，针对公司招聘歧视问题，您可以采取以下法律途径维护权益： 1. **向人力资源和社会保障部门投诉** 根据《法条第四十九条》，人力资源和社会保障部门将招聘过程中的性别歧视行为纳入劳动保障监察范围。如果您遭遇性别歧视，可向当地人社部门投诉，要求其介入调查。 2. **申请劳动争议仲裁** 根据《法条第二十六条》，用人单位不得实施就业歧视。若招聘歧视行为成立，您可向劳动争议仲裁委员会申请仲裁，主张平等就业权。若对仲裁结果不服，可进一步向法院提起诉讼。 3. **寻求工会帮助** 根据《法条第二十二条》，工会有权对用人单位的不当行为提出意见。您可向所在单位工会反映问题，工会可协助与用人单位协商或提供法律支持。 **注意事项**： - 若歧视行为涉及性别以外的其他类型（如年龄、种族等），需结合其他相关法律条款（但当前法条未明确列举）。 - 建议保留招聘歧视的证据（如招聘信息、沟通记录等），以增强维权依据。 - 具体操作流程可咨询当地劳动部门或专业律师，确保符合属地法规要求。,一致性: 是  差异说明: 无差异
房屋中介乱收费怎么办？,可向当地房地产管理部门投诉，也可依据合同要求退还多收费用或解除合同。,根据您提供的法条内容，现有条款主要针对房地产开发企业的信息披露义务及虚假宣传行为，并未直接涉及房屋中介乱收费的规制问题。因此，依据现有法条无法直接提供明确的法律依据。但结合一般法律原则及类似问题处理方式，建议采取以下措施： 1. **保留证据**：收集中介收费的合同、收据、沟通记录等证据，明确收费项目及金额是否符合约定或行业标准。 2. **协商解决**：与中介沟通协商，要求退还不合理费用或调整收费标准。 3. **向主管部门投诉**：根据《房地产经纪管理办法》（虽未在您提供的法条中，但属相关法规），可向当地住建部门或市场监管部门投诉，要求调查中介是否存在违规收费行为。 4. **法律途径**：若协商无果，可依据《民法典》合同编主张中介违约，通过诉讼或仲裁要求返还费用。 建议进一步核实当地具体法规或咨询专业律师，以获取更具针对性的法律建议。,一致性: 否 差异说明: 模型输出提供了更详细的解决步骤和建议，包括证据保留、协商解决、向主管部门投诉以及法律途径等措施。而标准答案较为简略，仅提到向房地产管理部门投诉及依据合同要求退还多收费用或解除合同。
被高空抛物砸伤找谁赔偿？,若能查明抛物人，由其承担责任；难以确定具体侵权人的，由可能加害的建筑物使用人共同承担责任。,"根据您提供的法律条款，关于高空抛物导致的损害赔偿问题，可结合《民法典》第一千二百四十条进行分析： 1. **责任主体**：从事高空活动的经营者需承担侵权责任。在高空抛物场景中，""经营者""通常指建筑物的管理人（如物业公司）或实际使用人（如住户）。若无法确定具体抛物人，可能需由可能加害的建筑物使用人承担补偿责任（需结合《民法典》第一千二百五十四条，但该条款未在您提供的法条中）。 2. **免责事由**：若经营者能证明损害系受害人故意或不可抗力导致，可免责。例如，受害人明知危险仍接近抛物区域，或自然灾害等不可抗力因素。 3. **责任减轻情形**：若受害人对损害发生存在重大过失（如明知存在抛物风险仍长时间逗留在危险区域），可减轻经营者的责任。 **建议**： - 立即报警并保留现场证据（如监控录像、目击证人证言）； - 要求建筑物管理人（如物业公司）先行垫付医疗费用； - 若无法确定具体侵权人，可向可能加害的建筑物使用人主张权利（需注意此情形需结合《民法典》第一千二百五十四条，但您提供的法条未明确该条款）； - 若经营者以""受害人重大过失""为由抗辩，需证明自身行为与损害无直接因果关系。 需注意：您提供的法条未完整涵盖高空抛物的特殊规定（如《民法典》第一千二百五十四条），建议进一步核实相关条款以完善法律主张。",一致性: 否 差异说明: 标准答案指出若能查明抛物人，由其承担责任；难以确定具体侵权人的，由可能加害的建筑物使用人共同承担责任。而模型输出中提到的责任主体主要是经营者（如物业公司或住户），且强调了免责事由和责任减轻情形等内容，这些在标准答案中没有提及。
员工离职后泄露公司机密怎么办？,可依法追究其违约或侵权责任，要求赔偿损失，必要时可向法院申请保全和起诉。,根据您提供的法条内容，员工离职后泄露公司机密的法律应对建议如下： 1. **依据《技术秘密保护制度》（第四十二条）** - 若企业已与员工签订在职或离职后保密协议（包括离职后一定期限内），员工泄露技术秘密或从事与原单位相同科技成果转化活动的，构成违约。企业可依据协议追究其违约责任，要求停止侵权并赔偿损失。 - 若员工擅自转让职务科技成果，企业可主张其行为违法，要求返还收益并追究法律责任。 2. **依据《工作秘密管理办法》（第六十四条）** - 若泄露信息属于“工作秘密”（即不属于国家秘密但泄露后可能造成不利影响的事项），且企业已采取必要保护措施，可依据该条款要求员工承担保密义务。需注意需证明信息符合工作秘密的定义及企业已履行保护义务。 3. **刑事责任风险（若涉及）** - 若泄露信息涉及国家秘密或构成侵犯商业秘密罪（如给企业造成重大损失），企业可向公安机关报案，追究泄密者的刑事责任。 4. **竞业限制限制（参考第六十八条）** - 若企业与员工约定离职后竞业限制条款，且员工从事与原单位竞争业务并泄露机密，可主张其违反竞业限制义务，要求赔偿。 **法律建议**： - 确认企业是否与员工签订保密协议及竞业限制协议，明确保密义务期限及范围。 - 若未签订协议，需依据企业内部技术秘密保护制度主张员工违反法定义务（第四十二条第一款）。 - 若涉及国家秘密或重大商业秘密，建议及时固定证据并报警。 - 建议企业完善保密制度及协议文本，明确技术秘密范围、保密期限及违约责任，以增强法律救济能力。 需注意：若法条未明确覆盖具体情形（如未签订协议且无制度约束），可能需结合《反不正当竞争法》《劳动合同法》等其他法律进一步主张权利。,一致性: 否 差异说明: 模型输出提供了详细的法律依据和具体措施，而标准答案则较为简洁，仅指出可以追究违约或侵权责任并要求赔偿损失。模型的回答比标准答案更全面、详细。
员工试用期可以不交社保吗？,不可以。根据《社会保险法》规定，用人单位应当自用工之日起三十日内为其职工办理社会保险登记，并按时足额缴纳社保费用，试用期内也必须缴纳。,根据《社会保险法》第六十三条及《劳动合同法》相关规定，员工在试用期内必须缴纳社会保险，用人单位不得以试用期为由拒绝履行社保缴纳义务。具体分析如下： 1. **法律义务的强制性** 《社会保险法》第六十三条明确规定，用人单位自用工之日起即负有按时足额缴纳社会保险费的法定义务。试用期作为劳动合同履行的一部分，用人单位与劳动者已建立劳动关系，因此必须为员工缴纳社保，包括养老保险、医疗保险、工伤保险、失业保险和生育保险（如有）。 2. **试用期的法律性质** 根据《劳动合同法》第十九条，试用期是劳动合同期限的组成部分，用人单位在试用期内对劳动者的考察并不改变劳动关系的实质。因此，社保缴纳义务自用工之日起即时发生，试用期并非豁免社保缴纳的特殊阶段。 3. **用人单位的法律责任** 若用人单位未为试用期员工缴纳社保，社保征收机构可依据《社会保险法》第六十三条采取责令限期缴纳、查询账户、划拨费用或申请法院强制执行等措施。同时，员工可向劳动行政部门投诉，要求补缴社保并追究用人单位的行政责任。 综上，员工试用期必须缴纳社保，用人单位不得以试用期为由规避义务。若存在争议，建议员工向当地社保经办机构或劳动监察部门反映，维护自身合法权益。,一致性: 是  差异说明: 无差异
房屋买卖合同签订后反悔怎么办？,若一方无故反悔，构成违约，守约方可要求继续履行合同、赔偿损失或请求支付违约金；若协商不成，可向法院起诉。,根据《民法典》第五百六十六条及相关法律规定，房屋买卖合同签订后反悔的处理方式如下： 1. **合同解除的合法性**： 若反悔无合法事由（如欺诈、重大误解、显失公平等法定解除情形），单方反悔构成违约。此时，守约方有权要求继续履行合同或解除合同并主张违约责任。 2. **违约责任**： - 若合同约定违约金条款，反悔方需按约定支付违约金； - 若未约定违约金或约定金额不合理，守约方可主张实际损失赔偿（如房价差价、中介费等）。 3. **合同解除后的处理**： - 根据第五百六十六条，合同解除后，尚未履行的部分终止履行；已履行部分可请求恢复原状（如返还定金、房款等）并赔偿损失。 - 若因违约解除合同，守约方有权要求违约方承担违约责任（除非另有约定）。 4. **特殊情形**： - 若反悔系因不可归责于双方的事由（如政策变化导致合同无法履行），可协商解除合同并按实际履行情况分担损失。 **建议**： - 若反悔无合法依据，需承担违约责任； - 若存在法定解除事由，可通过协商或诉讼解除合同并主张权利； - 建议咨询专业律师，结合具体合同条款及证据（如协议、支付凭证、沟通记录等）评估法律后果。 （注：若涉及不可归责于承租人的租赁物毁损或融资租赁合同解除等特殊情形，需结合具体条款另行分析，但本案核心为房屋买卖合同，故主要依据第五百六十六条处理。）,一致性: 是  差异说明: 无差异
交通事故中对方全责如何索赔？,可要求对方赔偿医疗费、误工费、护理费、交通费、车辆损失等实际损失；若协商不成，可向法院提起民事诉讼。,根据您提供的法条内容，结合交通事故中对方全责的索赔问题，法律建议如下： ### 一、明确责任划分 根据《民法典》第一千二百一十七条及第一千二百一十六条，若事故责任明确为对方全责（需以交警部门出具的《交通事故责任认定书》为准），则对方需承担全部赔偿责任。但需注意以下例外情形： 1. **无偿搭乘人损害**：若您属于无偿搭乘（如顺风车），即使对方全责，其赔偿责任可能因非故意或重大过失而减轻（法条第一千二百一十七条）。 2. **车辆转让责任**：若对方驾驶的机动车为拼装或报废车辆，且系通过买卖等方式转让，则转让人与受让人需承担连带责任（法条第一千二百一十四条）。 ### 二、索赔对象及程序 1. **保险赔偿优先**： - 若对方车辆已投保交强险及商业第三者责任险，应首先向其保险公司索赔。根据法条第一千二百一十六条，保险公司需在责任限额内直接赔付。 - 若对方未投保交强险或抢救费用超限额，可申请道路交通事故社会救助基金垫付（需后续向责任人追偿）。 2. **直接向责任人索赔**： - 若对方无保险或保险不足，可直接要求其个人承担赔偿责任（包括医疗费、修车费、误工费等）。 3. **连带责任情形**： - 若对方车辆为拼装或报废车，且存在转让行为，可同时向转让人与受让人主张连带赔偿责任（法条第一千二百一十四条）。 ### 三、索赔需准备的材料 1. 交警部门出具的《交通事故责任认定书》； 2. 医疗费、修车费等票据； 3. 误工证明、交通费凭证等； 4. 若涉及保险索赔，需提供对方车辆保单信息。 ### 四、法律风险提示 1. 若对方存在逃逸行为（法条第一千二百一十六条），需及时报警并留存证据，救助基金垫付后可能影响后续追偿效率。 2. 若对方主张减轻责任（如无偿搭乘），需举证其无故意或重大过失（如车辆年检合格、驾驶合规等）。 ### 五、争议解决途径 1. 协商赔偿； 2. 申请交警调解； 3. 向法院提起民事诉讼（可一并起诉保险公司、责任人及转让人）。 **结论**：在对方全责的前提下，您可通过保险索赔、直接追责或连带责任主张等方式实现权益，但需结合具体案情（如车辆性质、保险状态等）综合判断。若涉及法条未覆盖的特殊情形（如对方经济困难、证据缺失等），建议委托专业律师进一步分析。,一致性: 否 差异说明: 模型输出提供了更详细的法律建议，包括责任划分、索赔对象及程序、需准备的材料、法律风险提示和争议解决途径等。而标准答案较为简略，只提到可以要求赔偿项目以及协商不成时向法院提起民事诉讼。
公司注册地址变更需要哪些手续？,需准备新地址证明材料、修改后的公司章程或修正案、营业执照副本等资料，向原登记机关申请变更登记。,根据《公司法》及相关法条规定，公司注册地址变更需履行以下手续： 1. **内部决议程序** 根据《公司法》第三十五条，公司需依法作出变更决议或决定（如股东会或董事会决议），明确地址变更事项。 2. **提交变更登记申请** - 向公司登记机关提交法定代表人签署的《变更登记申请书》（若变更后法定代表人已变更，需由新任法定代表人签署，依据第三十五条第三款）。 - 提交依法作出的变更决议或决定文件。 3. **章程修改备案** 若公司章程中记载的注册地址需变更，应提交修改后的公司章程（依据第三十五条第二款）。 4. **其他可能材料** 实际操作中，登记机关可能要求提交新地址的合法使用证明（如租赁合同、产权证明等），但法条未明确该要求，需以登记机关具体要求为准。 5. **领取变更后的营业执照** 完成登记后，领取载有新地址的营业执照。 **特别提示**： - 若公司持有注册商标，需根据《商标法》第四十一条另行申请商标地址变更。 - 具体材料要求可能因地区登记机关政策不同而有所差异，建议提前咨询当地登记机关。 - 法条未明确地址变更的特殊程序，上述流程基于一般性规定，实际操作以登记机关要求为准。,一致性: 是  差异说明: 无差异
网络直播带货虚假宣传怎么处理？,消费者可向平台投诉，也可向市场监管部门举报，要求下架商品并依法进行处罚；造成损失的还可主张赔偿。,根据您提供的法条内容，结合网络直播带货虚假宣传的处理问题，法律建议如下： 1. **依据法条第三十六条**： - 若直播带货中的虚假宣传属于“传播范围广、社会危害大的虚假错误信息”，科学技术或有关主管部门（如市场监管部门）应依法澄清和纠正。 - 网络服务提供者（如直播平台）发现用户传播虚假信息后，应立即采取处置措施（如下架视频、封禁账号）防止信息扩散，并向主管部门报告。 2. **依据法条第二十三条**： - 若虚假宣传中包含侮辱、诽谤等侵害他人名誉的内容，网络运营者应立即停止传输、采取消除措施，并保存记录、向主管部门报告。主管部门可要求平台阻断境外来源的类似信息传播。 3. **其他法律衔接**： - 若虚假宣传涉及消费者权益侵害，可依据《消费者权益保护法》第55条主张赔偿；若涉及广告违法，可依据《广告法》第56条追究责任。 - 若虚假宣传情节严重构成犯罪（如诈骗、虚假广告罪），可依据《刑法》第222条、第266条追究刑事责任。 **处理建议**： - 消费者可向直播平台投诉，要求平台履行法定义务（如删除内容、封禁账号）； - 向市场监管部门或网信部门举报，由主管部门责令整改、处罚或澄清； - 若造成损失，可向法院提起民事诉讼索赔。 **法条局限性说明**： 您提供的法条未直接涵盖直播带货虚假宣传的民事赔偿标准及具体行政处罚细则，需结合《广告法》《消费者权益保护法》等进一步明确责任。,一致性: 否 差异说明: 模型输出提供了更详细的法律依据和处理建议，包括具体的法条引用、网络服务提供者的义务以及刑事责任等。而标准答案较为简略，仅提到向平台投诉、市场监管部门举报及赔偿要求。
信用卡被盗刷谁来承担责任？,若持卡人及时挂失并报警，且无重大过失，银行应承担主要责任；若存在密码泄露等过错，可能分担部分责任。,"根据您提供的法条内容，关于信用卡被盗刷的责任问题，现有法条主要涉及刑事责任的认定（如伪造、非法持有、骗领信用卡等行为），但未直接规定信用卡被盗刷时民事责任的归属。具体分析如下： 1. **刑事责任层面**： 若信用卡被盗刷系他人通过非法手段（如窃取、收买信用卡信息资料）实施，则行为人可能构成《刑法》第177条之一规定的""窃取、收买或者非法提供信用卡信息罪""，需承担刑事责任。但该条款未直接解决民事赔偿责任问题。 2. **民事责任争议**： 根据《民法典》及《银行卡业务管理办法》相关规定，信用卡被盗刷的责任划分通常需结合以下因素综合判断： - **银行责任**：若银行未尽到安全保障义务（如技术漏洞导致信息泄露、未及时拦截异常交易），可能需承担部分责任。 - **持卡人责任**：若持卡人未妥善保管密码或未及时挂失，可能需承担相应责任。 - **举证责任**：持卡人需证明交易非本人授权，银行需证明已履行安全义务。 3. **法条局限性**： 您提供的法条未涵盖民事责任划分规则，建议参考《最高人民法院关于审理银行卡民事纠纷案件若干问题的规定》等司法解释，以明确具体责任归属。 综上，信用卡被盗刷的责任认定需结合民事法律及司法实践，现有刑法法条无法直接解决民事赔偿问题。建议根据具体案情，结合《民法典》《消费者权益保护法》及银行卡纠纷司法解释综合判断。",一致性: 否 差异说明: 标准答案主要讨论了在民事责任层面，银行和持卡人各自的责任分配。而模型输出不仅涵盖了民事责任的分析，还详细解释了刑事责任方面的内容，并且提供了更详细的民事责任划分标准及举证责任的具体要求。
